{"_weights":{"arr":[-3.8339583755589418e25,-1.3010245098165574e27,-7.132307420370334e26,-2.4166634844434708e26,-1.3918674932559e27,-3.313657997718164e26,-5.146988625937852e24,-3.375064257260491e26],"length":[1,8]},"_bias":-7.034574061510627e27,"_eta":0.009999999776482582,"_niter":10}