{"_weights":{"Length":[1,8]},"_bias":-7.04851345435039e26,"_eta":0.009999999776482582,"_niter":10}