{"_weights":{"arr":[-2.588424531161434e25,-8.783616415532799e26,-4.8152432567366028e26,-1.6315641537082887e26,-9.396914577881658e26,-2.2371513925668959e26,-3.474888985753596e24,-2.278608236263269e26],"length":[1,8]},"_bias":-4.749250324960812e27,"_eta":0.009999999776482582,"_niter":10}