{"_weights":{"arr":[0.04778764024376869,0.034650638699531558],"length":[1,2]},"_bias":0.45631512999534609,"_eta":0.00009999999747378752,"_niter":10000}