{"_weights":{"arr":[0.49996837973594668,0.49996837973594668],"length":[1,2]},"_bias":-0.24996745586395265,"_eta":0.0010000000474974514,"_niter":100000}