{"_weights":{"arr":[3.2562949657440187,-5.114878177642822,1.3155161142349244],"length":[1,3]},"_bias":0.8027179837226868,"_eta":0.0010000000474974514,"_niter":100000}