{"_weights":{"arr":[5.141709804534912,5.142154693603516],"length":[1,2]},"_bias":-8.009233474731446,"_eta":0.0010000000474974514,"_niter":100000}